id,company,title,location,url,source,first_seen,last_seen,posted_date,deadline,employment_type,workplace_type
e5e31eb73aff07191c1a,Tenstorrent University,AI Software Intern (Canada),"Toronto, Ontario, Canada",https://job-boards.greenhouse.io/tenstorrentuniversity/jobs/5259347007,greenhouse,2026-10-08,2026-10-09,2026-10-08,Not specified,Intern / Co-op,Not specified
62a4a67d2c0e41443bb9,Tenstorrent University,"AI Software Intern - Cloud, Infrastructure & Data Centre Deployment (Canada)","Toronto, Ontario, Canada",https://job-boards.greenhouse.io/tenstorrentuniversity/jobs/5256579007,greenhouse,2026-10-06,2026-10-09,2026-10-06,Not specified,Intern / Co-op,Not specified
da05d2ed7f53c8312456,Tenstorrent University,Hardware Intern - AI HW & SoC (Canada),"Ottawa, Ontario, Canada; Toronto, Ontario, Canada",https://job-boards.greenhouse.io/tenstorrentuniversity/jobs/5256568007,greenhouse,2026-10-06,2026-10-09,2026-10-06,Not specified,Intern / Co-op,Not specified
c69b5b2c960da1f114cd,Bree,"Machine Learning Engineering, Intern",Toronto,https://jobs.ashbyhq.com/bree/5e79b2fd-164c-4e72-91ef-1b8fd1c5518a,ashby,2026-08-29,2026-10-09,2026-07-15,Not specified,Intern,Hybrid
c191b7134664ae85517c,Bree,"Software Engineer, Backend (Co-op)",Toronto,https://jobs.ashbyhq.com/bree/42fe78c1-e73f-4918-bf71-776b8142112b,ashby,2026-09-05,2026-10-09,2026-09-04,Not specified,Intern,Hybrid
885e29d08dd0b4cd169a,Bree,"Software Engineer, Product (Co-op)",Toronto,https://jobs.ashbyhq.com/bree/17d8dd15-5f97-4003-8d6c-170dca13ff88,ashby,2026-09-05,2026-10-09,2026-09-04,Not specified,Intern,Hybrid
7e80201e08237d8007f4,Rivian and Volkswagen Group Technologies,"Software Engineering Intern - Applications, Infotainment & Mobile (January - August 2027)","Vancouver, British Columbia; Toronto, Ontario",https://jobs.ashbyhq.com/rivianvw.tech/bc8e38eb-b68c-4234-a06a-99875df7d600,ashby,2026-09-05,2026-10-09,2026-09-04,Not specified,Intern,Hybrid
6a48c4c7d857778a444e,Remarcable,Full Stack Developer (Student Co-op),"Vancouver, BC",https://jobs.ashbyhq.com/remarcable-inc/a4f3aaaa-9469-42e8-a610-450d25eb5da7,ashby,2026-09-02,2026-10-09,2026-09-01,Not specified,Intern,OnSite
40221124c53a75681168,Geotab Internships,"Competitive Intelligence and Market Research Intern (Winter/January 2027, 12 Months)","Oakville, Ontario - Canada; Toronto, Ontario - Canada",https://job-boards.greenhouse.io/internshiplist2000/jobs/5413032008,greenhouse,2026-09-16,2026-10-09,2026-09-15,Not specified,Intern / Co-op,Not specified
9b08f9305c617c4aeb2e,Geotab Internships,"Embedded Developer Intern, Engine Data Reliability ( Winter/ January 2027, 12-16 months)","Oakville, Ontario - Canada",https://job-boards.greenhouse.io/internshiplist2000/jobs/5396891008,greenhouse,2026-09-11,2026-10-09,2026-09-10,Not specified,Intern / Co-op,Not specified
4730a8145558044ec8b2,Geotab Internships,"IT Support Specialist Intern (Winter/January 2027, 8 Months)","Waterloo, Ontario - Canada",https://job-boards.greenhouse.io/internshiplist2000/jobs/5399993008,greenhouse,2026-09-09,2026-10-09,2026-09-08,Not specified,Intern / Co-op,Not specified
f35c1812dedef6759f84,Geotab Internships,"Product Coordinator Intern, Driver Compliance (Winter/January 2027, 12 Months)","Oakville, Ontario - Canada; Toronto, Ontario - Canada; Waterloo, Ontario - Canada",https://job-boards.greenhouse.io/internshiplist2000/jobs/5360844008,greenhouse,2026-09-02,2026-10-09,2026-09-02,Not specified,Intern / Co-op,Not specified
e3af56ceb0c2772bdd7a,Geotab Internships,"Product Marketing Intern (Winter/January 2027, 12 Months) ","Oakville, Ontario - Canada; Toronto, Ontario - Canada",https://job-boards.greenhouse.io/internshiplist2000/jobs/5422327008,greenhouse,2026-09-18,2026-10-09,2026-09-17,Not specified,Intern / Co-op,Not specified
f16d3407c32e840cfd0a,Geotab Internships,"Sales Systems & Data Governance Intern (Winter/January 2027, 8-12 Months)","Oakville, Ontario - Canada; Waterloo, Ontario - Canada",https://job-boards.greenhouse.io/internshiplist2000/jobs/5379678008,greenhouse,2026-09-02,2026-10-09,2026-09-01,Not specified,Intern / Co-op,Not specified
38328c5516e6ac8c653d,Geotab Internships,"Software Developer Intern, Geotab Vitality (Winter/January 2027, 4 Months)","Oakville, Ontario - Canada; Toronto, Ontario - Canada; Waterloo, Ontario - Canada",https://job-boards.greenhouse.io/internshiplist2000/jobs/5376578008,greenhouse,2026-09-04,2026-10-09,2026-09-03,Not specified,Intern / Co-op,Not specified
6e101ecd3cc51a3c476d,Geotab Internships,"Software Developer Intern, MyAdmin (Winter/January 2027, 8+ Months)","Oakville, Ontario - Canada; Waterloo, Ontario - Canada",https://job-boards.greenhouse.io/internshiplist2000/jobs/5361630008,greenhouse,2026-09-02,2026-10-09,2026-09-02,Not specified,Intern / Co-op,Not specified
b00fbb6bfe15b11912e3,Geotab Internships,"Software Developer Intern, MyGeotab (Winter/January 2027, 4-8 Months)","Oakville, Ontario - Canada; Toronto, Ontario - Canada; Waterloo, Ontario - Canada",https://job-boards.greenhouse.io/internshiplist2000/jobs/5383412008,greenhouse,2026-09-04,2026-10-09,2026-09-04,Not specified,Intern / Co-op,Not specified
659493e81d1ca0447e44,Geotab Internships,"Software Developer Intern (Winter/January 2027, 8 Months)","Oakville, Ontario - Canada; Toronto, Ontario - Canada",https://job-boards.greenhouse.io/internshiplist2000/jobs/5350915008,greenhouse,2026-09-02,2026-10-09,2026-09-02,Not specified,Intern / Co-op,Not specified
dfa7712a5b1581a7afde,StackAdapt,Machine Learning Engineer Intern - Winter 2027,Canada,https://job-boards.greenhouse.io/stackadapt-confidential/jobs/4397976009,greenhouse,2026-09-09,2026-10-09,2026-09-08,Not specified,Intern / Co-op,Not specified
c8f12e9e29c66cc6eef0,StackAdapt,"Software Engineer, Backend Intern - Winter 2027",Canada,https://job-boards.greenhouse.io/stackadapt-confidential/jobs/4386552009,greenhouse,2026-09-09,2026-10-09,2026-09-08,Not specified,Intern / Co-op,Not specified
041cb32244f5c054a232,StackAdapt,Software Engineer Intern - Winter 2027,Canada,https://job-boards.greenhouse.io/stackadapt-confidential/jobs/4386549009,greenhouse,2026-09-09,2026-10-09,2026-09-08,Not specified,Intern / Co-op,Not specified
f00d8d59f22a0c2c049f,Cohere,Software Engineer Intern (Winter 2027),Canada; Dubai; London; United States; United Kingdom,https://jobs.ashbyhq.com/cohere/8c035d3d-081d-4c8a-914a-72f4efaad254,ashby,2026-08-29,2026-10-09,2026-05-01,Not specified,Intern,Remote
9317ebf8d4e469951478,Cohere,Research Internship (Winter 2027),Canada; San Francisco; Europe; London; United States; United Kingdom; Toronto; Montreal,https://jobs.ashbyhq.com/cohere/73bd3e2b-6597-4124-b64b-1e5dbc32e785,ashby,2026-08-29,2026-10-09,2026-05-01,Not specified,Intern,Remote
f3d58210f8ba3676685a,Cohere,Machine Learning Intern/Co-op  (Winter 2027),Canada; Europe; United States; United Kingdom,https://jobs.ashbyhq.com/cohere/36d1f52f-8270-4652-adf5-5303a0ff341b,ashby,2026-08-29,2026-10-09,2026-05-13,Not specified,Intern,Remote
ffbeaa1e5d98a496d9ba,BMO,"Software Developer, Winter 2027 (Co-op/Internship) - 4 Months","Toronto, ON, CAN",https://bmo.wd3.myworkdayjobs.com/Privileged/job/Toronto-ON-CAN/Software-Developer--Winter-2027--Co-op-Internship----4-Months_R260024638-3,workday,2026-10-08,2026-10-09,2026-10-08,2026-10-18,Full time,Not specified
e5a849c81090f5b1efdc,BMO,"Software Developer, Winter 2027 (Co-op/Internship) - 12 Months","Toronto, ON, CAN",https://bmo.wd3.myworkdayjobs.com/Privileged/job/Toronto-ON-CAN/Software-Developer--Winter-2027--Co-op-Internship----12-Months_R260024678,workday,2026-09-28,2026-10-09,2026-09-28,2026-10-11,Full time,Not specified
70e9ab2821261af0cf64,BMO,"Quantitative Developer (Alpha Research Team) - GAM, Summer 2027 (Co-op/Internship) - 12 months","Toronto, ON, CAN",https://bmo.wd3.myworkdayjobs.com/Privileged/job/Toronto-ON-CAN/Quantitative-Developer--Alpha-Research-Team----GAM--Summer-2027--Co-op-Internship----12-months_R260026715-2,workday,2026-09-15,2026-10-09,2026-09-21,2026-10-17,Full time,Not specified
4e2cace1d6e3b829091b,BMO,"Product Control Analyst, Winter 2027 (Co-op/Internship) - 4 Months","Toronto, ON, CAN",https://bmo.wd3.myworkdayjobs.com/Privileged/job/Toronto-ON-CAN/Product-Control-Analyst--Winter-2027--Co-op-Internship----4-Months_R260024657,workday,2026-10-02,2026-10-09,2026-10-02,2026-10-11,Full time,Not specified
d2cf2629de3c16efa3ba,RBC,2027 CFO Winter Process Re-Engineering Intern (4 Months),"TORONTO, Ontario, Canada",https://rbc.wd3.myworkdayjobs.com/RBCEARLYTALENT1/job/TORONTO-Ontario-Canada/XMLNAME-2027-CFO-Winter-Process-Re-Engineering-Intern--4-Months-_R-0000188575,workday,2026-09-25,2026-10-09,2026-09-24,2026-10-12,Full time,Not specified
369e6a15778f8afe1264,RBC,"2027 Winter – GRM, AI Business Analyst Intern – Innovation & AI Centre of Excellence (4 Months)","TORONTO, Ontario, Canada",https://rbc.wd3.myworkdayjobs.com/RBCEARLYTALENT1/job/TORONTO-Ontario-Canada/XMLNAME-2027-Winter---GRM--AI-Business-Analyst-Intern---Innovation---AI-Centre-of-Excellence--4-Months-_R-0000188000-1,workday,2026-10-05,2026-10-09,2026-10-05,2026-10-19,Full time,Not specified
ec98fa1b417459a3c431,RBC,"2027 Winter – GRM, AI Developer Intern - Innovation & AI Center of Excellence (4 Months)","TORONTO, Ontario, Canada",https://rbc.wd3.myworkdayjobs.com/RBCEARLYTALENT1/job/TORONTO-Ontario-Canada/XMLNAME-2027-Winter---GRM--AI-Developer-Intern---Innovation---AI-Center-of-Excellence--4-Months-_R-0000188001-1,workday,2026-10-05,2026-10-09,2026-10-05,2026-10-19,Full time,Not specified
88e8956b2f395be37155,Capital One Canada,"Intern, Full Stack Software Engineer - Team Sprout - Winter 2027","Toronto, ON",https://capitalone.wd12.myworkdayjobs.com/Capital_One/job/Toronto-ON/Intern--Full-Stack-Software-Engineer---Team-Integrated-Sprout---Winter-2027_R249010,workday,2026-09-21,2026-10-09,2026-09-21,Not specified,Full time,Not specified
053d73b3d0b1bdc77e3b,Capital One Canada,"Intern, Full Stack Software Engineer - Team Pickle - Winter 2027","Toronto, ON",https://capitalone.wd12.myworkdayjobs.com/Capital_One/job/Toronto-ON/Intern--Full-Stack-Software-Engineer---Team-Pickle---Winter-2027_R249013,workday,2026-09-21,2026-10-09,2026-09-21,Not specified,Full time,Not specified
b829ada61f3f0b3eaae4,Capital One Canada,"Intern, Backend Software Engineer - Team Interstellar - Winter 2027","Toronto, ON",https://capitalone.wd12.myworkdayjobs.com/Capital_One/job/Toronto-ON/Intern--Backend-Software-Engineer---Team-Interstellar---Winter-2027_R249022,workday,2026-09-21,2026-10-09,2026-09-21,Not specified,Full time,Not specified
83260388befe7a5016b4,Capital One Canada,"Intern, Mobile Software Engineer - Team Gringotts North - Winter 2027","Toronto, ON",https://capitalone.wd12.myworkdayjobs.com/Capital_One/job/Toronto-ON/Intern--Mobile-Software-Engineer---Team-Gringotts-North---Winter-2027_R249015,workday,2026-09-21,2026-10-09,2026-09-21,Not specified,Full time,Not specified
6cc8246725810ab705fd,CIBC,"Investor’s Edge, UI Designer (Design System) Winter 2027 Co-Op (8-months)","Toronto, ON",https://cibc.wd3.myworkdayjobs.com/campus/job/Toronto-ON/Investor-s-Edge--UI-Designer--Design-System--Winter-2027-Co-Op--8-months-_2620694,workday,2026-10-08,2026-10-09,2026-10-07,2026-10-23,Full time,Not specified
4c7cd5c1c097d66fd875,CIBC,"Product Analyst Co-op, IE Product Development & Delivery – Winter 2027","Toronto, ON",https://cibc.wd3.myworkdayjobs.com/campus/job/Toronto-ON/Product-Analyst-Co-op--IE-Product-Development---Delivery---Winter-2027_2620681,workday,2026-10-07,2026-10-09,2026-10-07,2026-10-21,Full time,Not specified
d473fbcc6c8b85f2daab,CIBC,Optimization & Process Engineering Analyst Co-op (16 Month Term),"Toronto, ON",https://cibc.wd3.myworkdayjobs.com/campus/job/Toronto-ON/Optimization---Process-Engineering-Analyst-Co-op--16-Month-Term-_2618669,workday,2026-10-06,2026-10-09,2026-10-05,2026-11-20,Full time,Not specified
da53e9d11532c03b8723,CIBC,Software/Application Developer Co-op,"Toronto, ON",https://cibc.wd3.myworkdayjobs.com/campus/job/Toronto-ON/Software-Application-Developer-Co-op_2619461,workday,2026-09-29,2026-10-09,2026-09-28,2026-10-12,Full time,Not specified
8f89b0547af5c74f6f8f,CAE,"C-FIN-275 Software Engineering Intern, AI, Automation and Business Intelligence",Montreal (St. Laurent),https://cae.wd3.myworkdayjobs.com/career/job/Montreal-St-Laurent/C-FIN-275-Software-Engineering-Intern--AI--Automation-and-Business-Intelligence_123477-1,workday,2026-10-09,2026-10-09,2026-10-09,Not specified,Full time,Not specified
247934298ec04b913ac5,CAE,Tax Intern – Tax Technology & AI Enablement,Montreal (St. Laurent),https://cae.wd3.myworkdayjobs.com/career/job/Montreal-St-Laurent/Tax-Intern---Tax-Technology---AI-Enablement_123617,workday,2026-09-21,2026-10-09,2026-09-21,Not specified,Full time,Not specified
b0107d2fa4aa72057a8c,CAE,Stagiaire - Génie Industriel/Manufacturier et Amélioration Continue / ndustrial/Manufacturing Engineering and Continuous Improvement Intern,Montreal (St. Laurent),https://cae.wd3.myworkdayjobs.com/career/job/Montreal-St-Laurent/Stagiaire---Gnie-Industriel-Manufacturier-et-Amlioration-Continue---ndustrial-Manufacturing-Engineering-and-Continuous-Improvement-Intern_123649,workday,2026-09-21,2026-10-09,2026-09-21,Not specified,Full time,Not specified
a39c70ae8b5baee49396,CAE,Software Developer Coop,Montreal (St. Laurent),https://cae.wd3.myworkdayjobs.com/career/job/Montreal-St-Laurent/Software-Developer-Coop_123904,workday,2026-10-06,2026-10-09,2026-10-06,Not specified,Full time,Not specified
05c1f45e9068d131cae7,Manulife,Summer Intern 2027 - Product Management & Risk Technology,"Toronto, Ontario",https://manulife.wd3.myworkdayjobs.com/MFCJH_Jobs/job/Toronto-Ontario/Summer-Intern-2027---Product-Management---Risk-Technology_JR26080875,workday,2026-10-09,2026-10-09,2026-10-08,2026-10-26,Full time,Not specified
d4fb0687b37b1ad1ecd3,Manulife,Winter Co-op 2027 - ALM Data Management & Analytics,"Toronto, Ontario",https://manulife.wd3.myworkdayjobs.com/MFCJH_Jobs/job/Toronto-Ontario/Winter-Co-op-2027---ALM-Data-Management---Analytics_JR26091831,workday,2026-10-02,2026-10-09,2026-10-01,2026-11-01,Full time,Not specified
6a505ec832a9e5379549,Manulife,Winter Co-op 2027 - Product Designer (UX/UI/HCI),"Toronto, Ontario; Waterloo, Ontario",https://manulife.wd3.myworkdayjobs.com/MFCJH_Jobs/job/Toronto-Ontario/Winter-Co-op-2027---Product-Designer_JR26080163,workday,2026-10-05,2026-10-09,2026-10-05,2026-10-19,Full time,Not specified
4183c4432d0541083cc7,Sun Life,"Student, Analytics & Technology Systems (Winter 2027)",Sun Life Toronto One York,https://sunlife.wd3.myworkdayjobs.com/Campus/job/Sun-Life-Toronto-One-York/Student--Analytics---Technology-Systems--Winter-2027-_JR00126478,workday,2026-10-08,2026-10-09,2026-10-08,2026-10-15,Full time,Not specified
3e24225cef0c33641fd2,Sun Life,"Student, Data Centre (Winter 2027)  - First Nations, Inuit, or Métis Candidates","Waterloo, Ontario",https://sunlife.wd3.myworkdayjobs.com/Campus/job/Waterloo-Ontario/Student--Data-Centre--Winter-2027-----First-Nations--Inuit--or-Mtis-Candidates_JR00128194,workday,2026-10-01,2026-10-09,2026-10-01,2026-10-29,Full time,Not specified
9a30376e8d1e04ee2308,Sun Life,"Student, Data Analyst  (Winter 2027)","Toronto, Ontario; Sun Life Waterloo King",https://sunlife.wd3.myworkdayjobs.com/Campus/job/Toronto-Ontario/Student--Data-Analyst---Winter-2027-_JR00128365,workday,2026-10-05,2026-10-09,2026-10-05,2026-10-13,Full time,Not specified
1d47b698e5396ead076b,Sun Life,"Student, Cloud CX Consultant (Winter 2027)","Waterloo, Ontario",https://sunlife.wd3.myworkdayjobs.com/Campus/job/Waterloo-Ontario/Student--Cloud-CX-Consultant--Winter-2027-_JR00128340,workday,2026-10-03,2026-10-09,2026-10-02,2026-10-12,Full time,Not specified
39c2d51c484c00e77c88,Sun Life,"Student, Digital Analytics (Summer 2027-Summer 2028)","Toronto, Ontario",https://sunlife.wd3.myworkdayjobs.com/Campus/job/Toronto-Ontario/Student--Digital-Analytics--Summer-2027-Summer-2028--_JR00126578,workday,2026-09-30,2026-10-09,2026-09-30,2026-10-10,Full time,Not specified
